{"cameraMode":{"drawMode":0,"name":"Shaded","section":"Shading Mode"},"sceneLighting":false,"audioPlay":false,"sceneViewState":{"m_AlwaysRefresh":false,"showFog":true,"showSkybox":false,"showFlares":true,"showImageEffects":true,"showParticleSystems":true,"showVisualEffectGraphs":true,"m_FxEnabled":true},"in2DMode":false,"pivot":{"x":-0.724399983882904,"y":0.5967903733253479,"z":-0.4345909357070923},"rotation":{"x":-0.03159831464290619,"y":-0.9638363718986511,"z":0.1363571137189865,"w":-0.22767777740955354},"size":0.16134442389011384,"orthographic":false}