{"cameraMode":{"drawMode":0,"name":"Shaded","section":"Shading Mode"},"sceneLighting":true,"audioPlay":false,"sceneViewState":{"m_AlwaysRefresh":false,"showFog":true,"showSkybox":true,"showFlares":true,"showImageEffects":true,"showParticleSystems":true,"showVisualEffectGraphs":true,"m_FxEnabled":true},"in2DMode":false,"pivot":{"x":-0.5536282062530518,"y":0.6027841567993164,"z":-0.39034655690193179},"rotation":{"x":-0.005499590653926134,"y":0.9940813779830933,"z":-0.09660862386226654,"w":-0.052229344844818118},"size":0.2677014470100403,"orthographic":false}