{"cameraMode":{"drawMode":0,"name":"Shaded","section":"Shading Mode"},"sceneLighting":true,"audioPlay":false,"sceneViewState":{"m_AlwaysRefresh":false,"showFog":true,"showSkybox":true,"showFlares":true,"showImageEffects":true,"showParticleSystems":true,"showVisualEffectGraphs":true,"m_FxEnabled":true},"in2DMode":false,"pivot":{"x":-0.3436756730079651,"y":0.5866329669952393,"z":0.07120928168296814},"rotation":{"x":-0.010600853711366654,"y":0.9896812438964844,"z":-0.08866478502750397,"w":-0.11331087350845337},"size":0.18279370665550233,"orthographic":false}