{"cameraMode":{"drawMode":0,"name":"Shaded","section":"Shading Mode"},"sceneLighting":true,"audioPlay":false,"sceneViewState":{"m_AlwaysRefresh":false,"showFog":true,"showSkybox":true,"showFlares":true,"showImageEffects":true,"showParticleSystems":true,"showVisualEffectGraphs":true,"m_FxEnabled":true},"in2DMode":false,"pivot":{"x":-0.3680798411369324,"y":0.6938291192054749,"z":-5.228728294372559},"rotation":{"x":-0.044002465903759,"y":0.14521074295043946,"z":-0.005944542121142149,"w":-0.9886831641197205},"size":0.13436096906661988,"orthographic":false}