{"cameraMode":{"drawMode":0,"name":"Shaded","section":"Shading Mode"},"sceneLighting":false,"audioPlay":false,"sceneViewState":{"m_AlwaysRefresh":false,"showFog":true,"showSkybox":false,"showFlares":true,"showImageEffects":true,"showParticleSystems":true,"showVisualEffectGraphs":true,"m_FxEnabled":true},"in2DMode":false,"pivot":{"x":-0.2819473445415497,"y":0.5837053060531616,"z":-0.4137786030769348},"rotation":{"x":-0.037934839725494388,"y":-0.9606241583824158,"z":0.2207595705986023,"w":-0.1646738201379776},"size":0.3073647916316986,"orthographic":false}