{"cameraMode":{"drawMode":0,"name":"Shaded","section":"Shading Mode"},"sceneLighting":false,"audioPlay":false,"sceneViewState":{"m_AlwaysRefresh":false,"showFog":true,"showSkybox":false,"showFlares":true,"showImageEffects":true,"showParticleSystems":true,"showVisualEffectGraphs":true,"m_FxEnabled":true},"in2DMode":false,"pivot":{"x":-0.2761495113372803,"y":0.6121636033058167,"z":-0.42637714743614199},"rotation":{"x":-0.037934839725494388,"y":-0.9606241583824158,"z":0.2207595705986023,"w":-0.1646738201379776},"size":0.28032436966896059,"orthographic":false}