{"cameraMode":{"drawMode":0,"name":"Shaded","section":"Shading Mode"},"sceneLighting":false,"audioPlay":false,"sceneViewState":{"m_AlwaysRefresh":false,"showFog":true,"showSkybox":false,"showFlares":true,"showImageEffects":true,"showParticleSystems":true,"showVisualEffectGraphs":true,"m_FxEnabled":true},"in2DMode":false,"pivot":{"x":-0.9641101360321045,"y":0.6205929517745972,"z":-0.4521492123603821},"rotation":{"x":-0.03159831464290619,"y":-0.9638363718986511,"z":0.1363571137189865,"w":-0.22767777740955354},"size":0.25227850675582888,"orthographic":false}