{"cameraMode":{"drawMode":0,"name":"Shaded","section":"Shading Mode"},"sceneLighting":false,"audioPlay":false,"sceneViewState":{"m_AlwaysRefresh":false,"showFog":true,"showSkybox":false,"showFlares":true,"showImageEffects":true,"showParticleSystems":true,"showVisualEffectGraphs":true,"m_FxEnabled":true},"in2DMode":false,"pivot":{"x":-0.6876799464225769,"y":0.720604658126831,"z":-1.6489804983139039},"rotation":{"x":0.1027454063296318,"y":-0.0027343998663127424,"z":-0.0001769713417161256,"w":0.9949464201927185},"size":0.18633772432804109,"orthographic":false}